Outcode,Postcode,Number_meters,Total_consumption_kwh,Mean_consumption_kwh,Median_consumption_kwh
AB,"All postcodes",59,942324,15971.59,11265.28
AB,"All postcodes",10776,147949641,13729.55,10830.81
AB,"AB10 1AU",13,122286,9406.59,4363.76
AB,"AB10 1BA",9,122695,13632.75,12528.66
AB,"AB10 1FG",24,247933,10330.53,6151.71
AB,"AB10 1HP",9,87364,9707.06,8864.66
AB,"AB10 1JE",9,91105,10122.77,5917.45
AB,"AB10 1JQ",8,58208,7276.04,8189.43
AB,"AB10 1JS",5,105493,21098.56,11792.85
AB,"AB10 1JT",7,65485,9355.05,10110.02
AB,"AB10 1JX",5,74081,14816.27,6850.47
AB,"AB10 1NJ",11,117713,10701.21,6853.47
AB,"AB10 1NN",7,104117,14873.89,6790.4
AB,"AB10 1PE",11,226952,20632.01,16949.47
AB,"AB10 1PF",7,163556,23365.21,23956.11
AB,"AB10 1PR",10,62663,6266.33,5139.1
AB,"AB10 1QD",7,131166,18738.02,11456.49
AB,"AB10 1QE",11,70416,6401.43,2944.21
AB,"AB10 1QH",32,303423,9481.98,9258.09
AB,"AB10 1QJ",14,145812,10415.14,8460.22
AB,"AB10 1QL",12,116177,9681.44,7944.66
AB,"AB10 1QN",30,361251,12041.69,11252.77
AB,"AB10 1QQ",8,59974,7496.77,7197.95
AB,"AB10 1RA",6,33843,5640.54,6063.69
AB,"AB10 1RB",12,160792,13399.32,7991.21
AB,"AB10 1RD",9,191228,21247.56,16034.66
AB,"AB10 1RH",8,189472,23684.01,17631.72
AB,"AB10 1RJ",11,170005,15454.97,11216.23
AB,"AB10 1RL",11,228582,20780.23,15016.37
AB,"AB10 1RN",7,80036,11433.65,8284.03
AB,"AB10 1RP",17,212970,12527.66,12714.86
AB,"AB10 1RQ",5,49429,9885.78,8277.02
AB,"AB10 1RR",8,48520,6065.01,3538.29
AB,"AB10 1RT",14,82584,5898.83,5417.4
AB,"AB10 1RX",26,308834,11878.23,10533.48
AB,"AB10 1RY",28,260134,9290.49,8377.13
AB,"AB10 1SB",32,338948,10592.12,7192.34
AB,"AB10 1SD",5,25576,5115.18,5903.43
AB,"AB10 1SJ",5,47160,9432.02,7953.67
AB,"AB10 1SN",31,208987,6741.51,5872.4
AB,"AB10 1SP",18,145040,8057.76,9346.69
AB,"AB10 1SS",26,211679,8141.48,7177.82
AB,"AB10 1SU",5,49212,9842.33,4752.18
AB,"AB10 1SY",17,107166,6303.89,4808.39
AB,"AB10 1TE",12,104102,8675.14,7609.29
AB,"AB10 1TH",23,202105,8787.2,8004.73
AB,"AB10 1TJ",10,146828,14682.81,12441.41
AB,"AB10 1TP",8,90269,11283.6,8308.06
AB,"AB10 1TS",14,169730,12123.57,10083.99
AB,"AB10 1TT",9,110463,12273.64,7867.58
AB,"AB10 1TX",5,51223,10244.57,6541.13
AB,"AB10 1TY",21,160155,7626.41,8184.92
AB,"AB10 1TZ",22,157326,7151.17,5871.57
AB,"AB10 1UA",8,113850,14231.22,9705.08
AB,"AB10 1UB",9,126466,14051.82,7902.61
AB,"AB10 1UD",20,165379,8268.96,6474.72
AB,"AB10 1UE",6,61430,10238.34,7421.09
AB,"AB10 1UH",22,203066,9230.25,8292.04
AB,"AB10 1UJ",28,217440,7765.71,7624.31
AB,"AB10 1UN",15,368530,24568.66,23685.82
AB,"AB10 1UP",14,445195,31799.64,38900.38
AB,"AB10 1UQ",5,180368,36073.58,34909.05
AB,"AB10 1UR",9,238914,26546.05,20256.08
AB,"AB10 1US",12,253087,21090.58,16747.79
AB,"AB10 1UU",24,301254,12552.25,9374.22
AB,"AB10 1UW",8,102845,12855.64,10795.77
AB,"AB10 1UX",25,362394,14495.77,11794.86
AB,"AB10 1UY",17,134223,7895.47,7686.38
AB,"AB10 1UZ",18,161519,8973.27,8066.79
AB,"AB10 1XA",18,532220,29567.78,26219.08
AB,"AB10 1XD",21,210235,10011.2,8525.29
AB,"AB10 1XE",27,871691,32284.84,26101.45
AB,"AB10 1XH",7,134111,19158.74,17160.02
AB,"AB10 1XL",6,274189,45698.13,42668.11
AB,"AB10 1XN",5,137576,27515.3,27270.24
AB,"AB10 1XY",35,1115537,31872.48,33628.66
AB,"AB10 1XZ",5,121014,24202.75,9322.16
AB,"AB10 1YD",5,162881,32576.15,35137.75
AB,"AB10 1YP",19,439083,23109.63,13918.17
AB,"AB10 6AA",27,203903,7551.97,5803.33
AB,"AB10 6AB",12,67350,5612.53,4631.05
AB,"AB10 6AD",36,287457,7984.92,6923.55
AB,"AB10 6AE",8,139382,17422.74,17447.52
AB,"AB10 6AH",17,102134,6007.9,4767.2
AB,"AB10 6AJ",56,421226,7521.9,5879.41
AB,"AB10 6AL",38,612323,16113.77,15541.94
AB,"AB10 6AN",20,347127,17356.37,15911.34
AB,"AB10 6AP",79,687073,8697.13,6608.2
AB,"AB10 6AQ",6,111393,18565.57,19795.58
AB,"AB10 6AR",10,268764,26876.38,19890.18
AB,"AB10 6AS",20,216763,10838.13,8862.66
AB,"AB10 6AT",14,174392,12456.57,13791.53
AB,"AB10 6AU",7,83289,11898.4,10655.61
AB,"AB10 6AX",13,202969,15613.02,15617.02
AB,"AB10 6AY",49,801216,16351.34,15545.95
AB,"AB10 6BB",31,317674,10247.56,9325.16
AB,"AB10 6BE",50,841808,16836.17,15929.36
AB,"AB10 6BF",13,225940,17380.02,16248.71
AB,"AB10 6BJ",27,459632,17023.41,17148.69
AB,"AB10 6BL",8,129210,16151.29,11716.77
AB,"AB10 6BN",5,75133,15026.63,10136.05
AB,"AB10 6BP",5,28777,5755.47,6589.18
AB,"AB10 6BQ",22,241116,10959.83,8254.5
AB,"AB10 6BR",16,258741,16171.33,8421.18
AB,"AB10 6BS",33,395251,11977.31,10021.92
AB,"AB10 6BT",19,166237,8749.31,9837.8
AB,"AB10 6BU",21,224864,10707.81,8425.18
AB,"AB10 6BW",11,200022,18183.82,14903.24
AB,"AB10 6BX",15,139087,9272.48,8466.23
AB,"AB10 6BY",16,165494,10343.39,9548.41
AB,"AB10 6DA",23,185463,8063.59,6671.27
AB,"AB10 6DB",28,315004,11250.14,7933.15
AB,"AB10 6DD",25,339733,13589.32,12057.14
AB,"AB10 6DE",43,313320,7286.52,5914.45
AB,"AB10 6DG",9,96486,10720.69,9524.38
AB,"AB10 6DH",36,212909,5914.13,5582.08
AB,"AB10 6DJ",21,158858,7564.65,8201.66
AB,"AB10 6DS",27,141636,5245.79,4660.08
AB,"AB10 6DT",49,255246,5209.11,5187.65
AB,"AB10 6DU",40,185216,4630.4,4004.87
AB,"AB10 6ED",38,640554,16856.68,14862.7
AB,"AB10 6EE",32,685703,21428.21,18276.42
AB,"AB10 6EG",9,116311,12923.42,11516.55
AB,"AB10 6EL",9,170950,18994.48,22036.02
AB,"AB10 6EN",26,567163,21813.97,19635.9
AB,"AB10 6EP",18,408051,22669.48,24447.65
AB,"AB10 6EQ",18,465035,25835.27,22773.32
AB,"AB10 6ER",11,204958,18632.58,16593.09
AB,"AB10 6ES",5,102335,20466.91,20291.12
AB,"AB10 6ET",25,251634,10065.37,9637.5
AB,"AB10 6EU",29,230139,7935.81,7263.92
AB,"AB10 6EX",24,195496,8145.67,6397.97
AB,"AB10 6EY",26,481825,18531.74,17609.69
AB,"AB10 6FL",52,279961,5383.86,4758.19
AB,"AB10 6FN",26,143024,5500.91,5447.44
AB,"AB10 6FP",28,141400,5050,5010.46
AB,"AB10 6GA",26,143360,5513.84,5276.69
AB,"AB10 6HA",11,161042,14640.14,14075.34
AB,"AB10 6HB",54,842405,15600.1,14244.03
AB,"AB10 6HD",21,182493,8690.14,8379.13
AB,"AB10 6HE",15,241309,16087.27,15219.59
AB,"AB10 6HF",7,142391,20341.6,18562.23
AB,"AB10 6HH",21,244925,11663.09,8750.54
AB,"AB10 6HJ",26,247967,9537.18,7946.48
AB,"AB10 6HL",24,195892,8162.17,7836.54
AB,"AB10 6HN",24,188175,7840.63,8448.21
AB,"AB10 6HP",31,310877,10028.3,8162.9
AB,"AB10 6HQ",40,399050,9976.24,9014.33
AB,"AB10 6HR",16,360884,22555.27,19069.79
AB,"AB10 6HS",34,333700,9814.72,7949.16
AB,"AB10 6HT",49,468086,9552.77,8210.95
AB,"AB10 6HU",29,343092,11830.77,9383.23
AB,"AB10 6HX",22,423253,19238.79,21391.32
AB,"AB10 6HY",9,310861,34540.09,36306.57
AB,"AB10 6JA",33,425323,12888.57,10490.43
AB,"AB10 6JB",18,364575,20254.19,18641.32
AB,"AB10 6JD",39,1197802,30712.86,30417.15
AB,"AB10 6JE",42,1192657,28396.61,28742.33
AB,"AB10 6JG",15,132507,8833.82,6663.99
AB,"AB10 6JH",5,112782,22556.39,21840.81
AB,"AB10 6JJ",35,488383,13953.81,12517.64
AB,"AB10 6JL",54,864029,16000.53,17992.61
AB,"AB10 6JN",28,393357,14048.47,14101.87
AB,"AB10 6JP",11,245687,22335.16,24328.52
AB,"AB10 6JQ",26,576536,22174.48,21022.91
AB,"AB10 6JR",35,864625,24703.58,24476.68
AB,"AB10 6JU",26,600093,23080.5,21140.54
AB,"AB10 6JW",32,232825,7275.77,6872.99
AB,"AB10 6JY",34,661394,19452.76,18564.74
AB,"AB10 6JZ",10,146922,14692.21,15515.91
AB,"AB10 6LE",6,173174,28862.29,29009.12
AB,"AB10 6LG",23,468204,20356.71,20664.52
AB,"AB10 6LH",32,672354,21011.06,21440.37
AB,"AB10 6LR",7,70341,10048.67,7421.09
AB,"AB10 6LX",10,252552,25255.23,28658.74
AB,"AB10 6LZ",26,329876,12687.52,11065.56
AB,"AB10 6NA",35,861007,24600.21,22126.12
AB,"AB10 6NB",19,389615,20506.04,18868.57
AB,"AB10 6ND",14,323141,23081.52,23161.25
AB,"AB10 6NJ",12,384939,32078.27,32423.34
AB,"AB10 6NL",13,256006,19692.77,20603.46
AB,"AB10 6NN",15,209794,13986.3,13946.2
AB,"AB10 6NP",46,553761,12038.27,9153.98
AB,"AB10 6NQ",12,369081,30756.75,27739.74
AB,"AB10 6NR",14,480154,34296.69,30749.02
AB,"AB10 6NU",10,329604,32960.44,38922.93
AB,"AB10 6NW",6,267520,44586.66,41416.69
AB,"AB10 6NY",26,399697,15372.95,8810.6
AB,"AB10 6NZ",16,450152,28134.48,25482.28
AB,"AB10 6PA",24,214167,8923.64,8718
AB,"AB10 6PB",13,148509,11423.78,7905.62
AB,"AB10 6PD",12,298621,24885.09,23136.22
AB,"AB10 6PE",19,140345,7386.56,7447.6
AB,"AB10 6PG",14,132583,9470.23,8528.3
AB,"AB10 6PH",10,297194,29719.37,26264.63
AB,"AB10 6PJ",15,475057,31670.45,24336.53
AB,"AB10 6PL",20,522744,26137.22,19296.03
AB,"AB10 6PN",9,88616,9846.18,9889.78
AB,"AB10 6PP",74,858444,11600.59,8520.79
AB,"AB10 6PQ",38,372123,9792.72,8292.54
AB,"AB10 6PR",27,224274,8306.46,6977.61
AB,"AB10 6PS",32,749991,23437.22,21900.37
AB,"AB10 6PT",12,207407,17283.9,12047.63
AB,"AB10 6PU",24,182252,7593.81,6786.9
AB,"AB10 6PW",22,172881,7858.25,7627.31
AB,"AB10 6PX",42,334947,7974.92,6824.96
AB,"AB10 6PY",18,240687,13371.49,8336.56
AB,"AB10 6QA",38,294868,7759.68,6505.59
AB,"AB10 6QB",50,394246,7884.93,7144.29
AB,"AB10 6QD",42,308971,7356.44,6290.36
AB,"AB10 6QE",77,761438,9888.81,7611.3
AB,"AB10 6QF",16,142799,8924.92,9247.08
AB,"AB10 6QG",17,491198,28894.02,23821.97
AB,"AB10 6QH",19,550237,28959.83,23779.92
AB,"AB10 6QJ",45,394104,8757.86,5637.14
AB,"AB10 6QL",43,534643,12433.55,10627.58
AB,"AB10 6QN",48,382871,7976.47,6979.61
AB,"AB10 6QP",21,173292,8252.01,7729.43
AB,"AB10 6QQ",33,204475,6196.2,5957.48
AB,"AB10 6QR",29,262303,9044.91,7570.25
AB,"AB10 6QS",21,237049,11288.03,7945.66
AB,"AB10 6QT",29,262064,9036.68,6597.53
AB,"AB10 6QU",14,340016,24286.83,23176.26
AB,"AB10 6QW",9,153212,17023.56,14572.88
AB,"AB10 6QX",26,244340,9397.7,9467.32
AB,"AB10 6QY",11,98386,8944.14,7148.79
AB,"AB10 6RA",70,577292,8247.03,7017.65
AB,"AB10 6RB",26,255034,9809.02,10003.9
AB,"AB10 6RD",27,218332,8086.37,6471.05
AB,"AB10 6RE",48,362000,7541.66,7015.65
AB,"AB10 6RF",49,585411,11947.15,11805.87
AB,"AB10 6RG",57,454659,7976.48,7776.48
AB,"AB10 6RH",24,193230,8051.23,7763.46
AB,"AB10 6RJ",29,629753,21715.62,18896.6
AB,"AB10 6RL",10,257350,25735.03,26923.85
AB,"AB10 6RN",12,282973,23581.12,23977.14
AB,"AB10 6RP",16,315532,19720.75,19363.11
AB,"AB10 6RQ",20,487086,24354.3,23420.53
AB,"AB10 6RS",29,705172,24316.26,21687.64
AB,"AB10 6RT",51,1089168,21356.24,20179
AB,"AB10 6RU",14,270980,19355.74,17330.39
AB,"AB10 6RX",42,428172,10194.56,9427.78
AB,"AB10 6RY",9,205880,22875.6,16843.36
AB,"AB10 6SA",41,499559,12184.35,10879.86
AB,"AB10 6SB",35,299938,8569.66,8375.13
AB,"AB10 6SD",41,469225,11444.51,11996.08
AB,"AB10 6SE",9,169804,18867.11,20088.9
AB,"AB10 6SF",18,417495,23194.17,23339.94
AB,"AB10 6SG",6,122287,20381.22,21328.25
AB,"AB10 6SH",13,296309,22792.99,23312.41
AB,"AB10 6SJ",39,368962,9460.56,8680.46
AB,"AB10 6SL",37,373211,10086.78,7374.04
AB,"AB10 6SN",55,456988,8308.87,8194.93
AB,"AB10 6SP",26,237908,9150.3,7900.11
AB,"AB10 6SQ",31,312217,10071.5,9365.21
AB,"AB10 6SR",35,401968,11484.81,7632.32
AB,"AB10 6SS",33,469131,14216.1,9342.18
AB,"AB10 6ST",41,368418,8985.79,7921.63
AB,"AB10 6SU",7,129107,18443.82,16231.69
AB,"AB10 6SX",28,280668,10023.85,9342.68
AB,"AB10 6SY",43,360003,8372.16,7136.78
AB,"AB10 6TA",33,259149,7853,7068.7
AB,"AB10 6TB",31,276054,8904.97,8762.55
AB,"AB10 6TD",28,248881,8888.59,7570.75
AB,"AB10 6TE",43,439757,10226.91,8391.15
AB,"AB10 6TF",8,146674,18334.23,15617.52
AB,"AB10 6TH",19,130811,6884.77,7255.91
AB,"AB10 6TJ",46,939404,20421.83,19959.76
AB,"AB10 6TP",38,339362,8930.59,8694.98
AB,"AB10 6TQ",38,353810,9310.78,8534.3
AB,"AB10 6TR",33,262517,7955.06,7795.5
AB,"AB10 6TS",32,281643,8801.33,7979.67
AB,"AB10 6UQ",42,651071,15501.68,15256.63
AB,"AB10 6UR",30,662445,22081.5,23316.92
AB,"AB10 6US",22,492164,22371.11,22223.22
AB,"AB10 6UT",28,556466,19873.77,20443.28
AB,"AB10 6UX",30,984047,32801.55,33076.05
AB,"AB10 6WD",48,325815,6787.81,6275.67
AB,"AB10 6XA",35,1353019,38657.68,39202.73
AB,"AB10 6XB",23,443106,19265.47,12012.09
AB,"AB10 6XD",15,369319,24621.24,24370.56
AB,"AB10 6XE",7,230456,32922.31,27733.23
AB,"AB10 6XF",10,111734,11173.38,5840.21
AB,"AB10 6XH",5,163955,32790.94,33502.52
AB,"AB10 6XJ",16,448618,28038.62,23234.83
AB,"AB10 6XL",23,326418,14192.07,12553.68
AB,"AB10 6XN",27,690691,25581.14,22292.3
AB,"AB10 6XP",27,540763,20028.25,19328.07
AB,"AB10 6XQ",27,629854,23327.91,19324.06
AB,"AB10 6XR",24,552696,23028.99,22559.59
AB,"AB10 6XS",33,245717,7445.97,7680.37
AB,"AB10 6XT",33,285336,8646.54,6981.61
AB,"AB10 6XX",15,156377,10425.11,6080.63
AB,"AB10 6YA",29,240538,8294.42,6945.57
AB,"AB10 7AA",20,134995,6749.73,6480.7
AB,"AB10 7AB",6,117682,19613.71,18272.92
AB,"AB10 7AD",10,149666,14966.62,12492.61
AB,"AB10 7AE",5,68027,13605.43,11530.57
AB,"AB10 7AG",20,278004,13900.2,13370.57
AB,"AB10 7AH",22,259927,11814.87,11640.69
AB,"AB10 7AJ",47,540542,11500.9,10375.31
AB,"AB10 7AL",50,407039,8140.78,6983.03
AB,"AB10 7AN",42,593686,14135.38,13943.7
AB,"AB10 7AP",40,511159,12778.97,12424.54
AB,"AB10 7AR",41,560827,13678.71,10902.88
AB,"AB10 7AY",5,126468,25293.52,19749.53
AB,"AB10 7AZ",6,58863,9810.53,9923.32
AB,"AB10 7BB",28,315365,11263.05,10958.95
AB,"AB10 7BD",28,353965,12641.62,11900.47
AB,"AB10 7BG",8,105550,13193.76,12196.79
AB,"AB10 7BH",41,574316,14007.71,12327.44
AB,"AB10 7BJ",30,350995,11699.85,12155.75
AB,"AB10 7BL",20,216085,10804.27,11524.62
AB,"AB10 7BN",10,119410,11941.03,11879.03
AB,"AB10 7BP",49,431652,8809.22,7627.31
AB,"AB10 7BQ",23,256155,11137.16,10711.68
AB,"AB10 7BS",19,265419,13969.43,13798.04
AB,"AB10 7BT",10,141645,14164.48,14388.4
AB,"AB10 7BW",19,255450,13444.75,14176.45
AB,"AB10 7BX",28,381099,13610.68,13642.82
AB,"AB10 7BY",7,77304,11043.47,12644.78
AB,"AB10 7BZ",34,243285,7155.43,7380.04
AB,"AB10 7DA",35,393268,11236.22,10800.77
AB,"AB10 7DB",16,131747,8234.18,7199.35
AB,"AB10 7DD",20,202329,10116.43,9651.46
AB,"AB10 7DE",35,488112,13946.05,13111.29
AB,"AB10 7DF",6,75598,12599.66,13752.49
AB,"AB10 7DG",30,171143,5704.76,4883.5
AB,"AB10 7DJ",20,140137,7006.84,6889.01
AB,"AB10 7DL",26,262636,10101.39,9617.48
AB,"AB10 7DN",12,145981,12165.09,11316.33
AB,"AB10 7DP",20,226970,11348.49,12687.83
AB,"AB10 7DQ",28,295120,10540.01,10208.13
AB,"AB10 7DR",16,211965,13247.82,11877.45
AB,"AB10 7DS",46,637475,13858.15,13373.08
AB,"AB10 7DT",15,160403,10693.55,8207.95
AB,"AB10 7DU",12,209190,17432.48,15580.98
AB,"AB10 7DX",36,239068,6640.77,4759.19
AB,"AB10 7DY",20,244098,12204.9,13118.19
AB,"AB10 7DZ",18,164475,9137.52,9291.63
AB,"AB10 7EA",36,304224,8450.66,8429.94
AB,"AB10 7EB",19,251991,13262.67,14050.31
AB,"AB10 7ED",18,230345,12796.94,12026.11
AB,"AB10 7EE",10,119967,11996.68,10138.05
AB,"AB10 7EF",24,309403,12891.8,12058.14
AB,"AB10 7EG",12,146724,12226.99,12173.27
AB,"AB10 7EH",10,111611,11161.06,11850.92
AB,"AB10 7EL",11,102486,9316.88,10800.77
AB,"AB10 7EN",57,517917,9086.26,8658.44
AB,"AB10 7EP",5,45959,9191.75,9284.75
AB,"AB10 7EQ",19,273076,14372.4,15145.51
AB,"AB10 7ER",14,177425,12673.24,13607.83
AB,"AB10 7ES",12,154398,12866.52,12721.87
AB,"AB10 7ET",17,219997,12941.02,13618.84
AB,"AB10 7EU",11,124934,11357.65,11946.02
AB,"AB10 7EW",6,84976,14162.6,15818.74
AB,"AB10 7EX",15,185456,12363.73,13115.3
AB,"AB10 7EY",40,488830,12220.75,10566.02
AB,"AB10 7EZ",9,93683,10409.24,9805.69
AB,"AB10 7FB",6,121245,20207.53,16446.93
AB,"AB10 7FD",27,681800,25251.86,25608.91
AB,"AB10 7FE",27,656088,24299.56,22706.75
AB,"AB10 7FF",15,225786,15052.41,11593.64
AB,"AB10 7FG",31,406626,13116.97,11899.97
AB,"AB10 7FH",36,349261,9701.69,7938.15
AB,"AB10 7FJ",28,655658,23416.35,23238.33
AB,"AB10 7FL",15,184090,12272.66,7512.19
AB,"AB10 7FN",20,127954,6397.68,6471.55
AB,"AB10 7FP",23,250099,10873.87,7903.61
AB,"AB10 7FQ",21,436690,20794.75,17615.2
AB,"AB10 7FR",10,302272,30227.25,29908.1
AB,"AB10 7FW",27,596113,22078.25,22151.14
AB,"AB10 7FX",6,148778,24796.36,26316.69
AB,"AB10 7FZ",6,137582,22930.33,18373.03
AB,"AB10 7GA",16,159956,9997.25,8057.28
AB,"AB10 7GB",59,411223,6969.89,6918.54
AB,"AB10 7GF",45,624450,13876.66,13176.36
AB,"AB10 7GH",6,50418,8402.99,7746.44
AB,"AB10 7GL",5,24169,4833.72,5693.46
AB,"AB10 7GR",22,192198,8736.3,7570.75
AB,"AB10 7GS",28,199693,7131.9,5017.97
AB,"AB10 7GT",9,82960,9217.83,9109.93
AB,"AB10 7GU",19,163478,8604.11,7944.66
AB,"AB10 7GX",25,542562,21702.48,21214.12
AB,"AB10 7GY",22,198569,9025.85,9300.14
AB,"AB10 7HA",18,253562,14086.76,13770.51
AB,"AB10 7HB",36,323983,8999.53,8565.34
AB,"AB10 7HD",54,478278,8856.99,8245.01
AB,"AB10 7HE",11,125386,11398.69,9640.51
AB,"AB10 7HF",20,129997,6499.83,5817.84
AB,"AB10 7HH",18,258383,14354.64,13454.17
AB,"AB10 7HJ",42,436371,10389.79,10519.97
AB,"AB10 7HN",25,332006,13280.24,13616.84
AB,"AB10 7HP",21,290951,13854.79,14261.55
AB,"AB10 7HQ",14,135221,9658.63,8857.15
AB,"AB10 7HR",33,433794,13145.28,12870.03
AB,"AB10 7HS",17,218333,12843.11,12649.79
AB,"AB10 7HT",22,166791,7581.41,7513.33
AB,"AB10 7HU",32,270804,8462.62,7713.91
AB,"AB10 7HX",10,150132,15013.16,13620.35
AB,"AB10 7HY",19,254337,13386.13,12748.9
AB,"AB10 7JA",18,252116,14006.43,13006.68
AB,"AB10 7JB",8,93225,11653.08,12312.42
AB,"AB10 7JD",22,286172,13007.81,12109.7
AB,"AB10 7JE",8,164288,20535.94,13129.55
AB,"AB10 7JF",13,217236,16710.43,18161.8
AB,"AB10 7JG",18,257646,14313.64,14524.33
AB,"AB10 7JH",33,564158,17095.69,15931.29
AB,"AB10 7JN",31,487738,15733.47,10880.88
AB,"AB10 7JP",14,118328,8451.98,8505.27
AB,"AB10 7JQ",51,526428,10322.11,8146.88
AB,"AB10 7JR",56,510877,9122.8,7092.23
AB,"AB10 7JS",32,269897,8434.28,8772.09
AB,"AB10 7JT",31,261075,8421.78,8273.02
AB,"AB10 7JU",6,98267,16377.89,17046.58
AB,"AB10 7JW",16,283743,17733.96,17222.27
AB,"AB10 7JX",31,265375,8560.49,9451.3
AB,"AB10 7JY",27,328381,12162.25,10850.83
AB,"AB10 7JZ",8,133920,16740,16400.38
AB,"AB10 7LA",36,322765,8965.7,8294.04
AB,"AB10 7LB",37,401146,10841.78,9521.38
AB,"AB10 7LD",33,266412,8073.1,6930.55
AB,"AB10 7LE",20,453750,22687.52,20471.31
AB,"AB10 7LF",14,244217,17444.09,15324.7
AB,"AB10 7LH",51,628881,12331,9686.56
AB,"AB10 7LJ",27,423808,15696.59,14841.18
AB,"AB10 7LL",12,190773,15897.75,14481.28
AB,"AB10 7LN",5,194699,38939.84,34456.56
AB,"AB10 7LP",10,249716,24971.62,26872.29
AB,"AB10 7LQ",13,256378,19721.42,14827.16
AB,"AB10 7LR",14,322230,23016.45,22859.92
AB,"AB10 7LT",40,868701,21717.52,21233.14
AB,"AB10 7LU",45,336545,7478.78,7401.6
AB,"AB10 7LW",7,83336,11905.15,12456.58
AB,"AB10 7LX",39,744660,19093.84,19769.55
AB,"AB10 7LY",10,70787,7078.72,5867.4
AB,"AB10 7NA",13,234719,18055.3,17869.48
AB,"AB10 7NB",5,31806,6361.13,5961.5
AB,"AB10 7ND",8,170490,21311.23,20692.55
AB,"AB10 7NE",6,140236,23372.64,22822.38
AB,"AB10 7NF",19,228667,12035.12,9013.83
AB,"AB10 7NG",17,390309,22959.38,22906.97
AB,"AB10 7NH",5,146623,29324.56,29624.29
AB,"AB10 7NJ",50,1043761,20875.21,19510.27
AB,"AB10 7NL",9,108389,12043.24,8433.19
AB,"AB10 7NN",27,663795,24584.98,24689.91
AB,"AB10 7NP",25,439596,17583.85,16493.98
AB,"AB10 7NQ",16,358547,22409.18,19992.79
AB,"AB10 7NR",25,483976,19359.02,19099.82
AB,"AB10 7NS",23,377657,16419.85,17372.94
AB,"AB10 7NT",17,312620,18389.4,19692.46
AB,"AB10 7NU",27,617794,22881.27,22623.66
AB,"AB10 7NW",21,375818,17896.08,16908.43
AB,"AB10 7NX",22,428658,19484.47,18036.66
AB,"AB10 7NY",20,364121,18206.04,17063.1
AB,"AB10 7NZ",16,252338,15771.13,17243.3
AB,"AB10 7PA",21,217765,10369.76,8650.43
AB,"AB10 7PB",16,132218,8263.63,7732.93
AB,"AB10 7PD",13,387155,29781.15,31555.4
AB,"AB10 7PG",16,207317,12957.31,12290.9
AB,"AB10 7PH",14,312820,22344.28,25133.9
AB,"AB10 7PL",20,455846,22792.29,21752.71
AB,"AB10 7PP",13,263424,20263.39,19824.61
AB,"AB10 7PQ",12,238078,19839.79,19784.57
AB,"AB10 7PR",28,625931,22354.69,20304.13
AB,"AB10 7PS",30,657617,21920.56,23932.09
AB,"AB10 7PT",30,708204,23606.81,24186.86
AB,"AB10 7PU",13,339022,26078.63,22553.58
AB,"AB10 7PY",5,183892,36778.49,31365.19
AB,"AB10 7QF",46,367931,7998.5,7106.25
AB,"AB10 7UG",22,132800,6036.35,5759.78
AB,"All postcodes",9987,113910402,11405.87,9030.84
AB,"AB11 5AB",10,84681,8468.13,6092.14
AB,"AB11 5AD",18,176237,9790.97,9680.55
AB,"AB11 5AH",21,198349,9445.18,8717.5
AB,"AB11 5AJ",8,101972,12746.45,11860.65
AB,"AB11 5AL",13,103302,7946.28,4431.83
AB,"AB11 5AP",36,308367,8565.74,6659.26
AB,"AB11 5AT",7,63139,9019.83,7064.7
AB,"AB11 5AU",9,62510,6945.57,7665.36
AB,"AB11 5BB",7,116810,16687.11,16252.72
AB,"AB11 5BE",15,177463,11830.87,7033.67
AB,"AB11 5BL",13,205724,15824.94,10077.99
AB,"AB11 5BQ",6,100522,16753.59,17305.86
AB,"AB11 5BT",6,34426,5737.7,4671.95
AB,"AB11 5DN",5,218105,43620.96,54306.99
AB,"AB11 5DQ",7,173017,24716.66,22365.38
AB,"AB11 5DR",16,111834,6989.62,5785.31
AB,"AB11 5DS",19,233027,12264.58,12407.52
AB,"AB11 5DT",27,419072,15521.18,14981.33
AB,"AB11 5DU",7,116849,16692.77,17740.34
AB,"AB11 5DX",29,403829,13925.14,9623.49
AB,"AB11 5ER",44,250423,5691.44,5019.97
AB,"AB11 5EU",5,25807,5161.43,4443.84
AB,"AB11 5FD",5,65356,13071.2,12749.9
AB,"AB11 5FP",18,136161,7564.52,7616.3
AB,"AB11 5GD",5,61679,12335.85,12388.5
AB,"AB11 5GE",24,107780,4490.83,4925.91
AB,"AB11 5GJ",8,88339,11042.43,5995.54
AB,"AB11 5HP",52,385241,7408.49,6063.59
AB,"AB11 5HR",7,91147,13021.05,8156.89
AB,"AB11 5HS",30,217331,7244.37,7574.36
AB,"AB11 5HX",6,90098,15016.37,15016.37
AB,"AB11 5PP",18,144325,8018.06,9149.97
AB,"AB11 5PQ",8,157122,19640.19,13482.2
AB,"AB11 5PY",8,54047,6755.88,7209.36
AB,"AB11 5QN",18,131419,7301.03,5976.53
AB,"AB11 5QP",15,127047,8469.8,5180.87
AB,"AB11 6AW",38,291315,7666.17,6542.13
AB,"AB11 6AY",19,220140,11586.31,9624.49
AB,"AB11 6BH",6,56758,9459.64,11543.58
AB,"AB11 6BR",7,101781,14540.2,8739.53
AB,"AB11 6BT",8,148642,18580.22,14307.37
AB,"AB11 6BX",5,179840,35967.92,40774.59
AB,"AB11 6DA",6,101930,16988.33,12618.25
AB,"AB11 6DD",57,341222,5986.35,5459.95
AB,"AB11 6DE",14,212007,15143.35,4631.05
AB,"AB11 6DJ",24,611142,25464.27,19609.37
AB,"AB11 6DL",9,117957,13106.3,5569.07
AB,"AB11 6DN",6,64102,10683.65,5163.13
AB,"AB11 6DP",20,250396,12519.78,7909.12
AB,"AB11 6DQ",6,111167,18527.86,18333.48
AB,"AB11 6DS",32,258359,8073.71,6105.15
AB,"AB11 6DU",10,287362,28736.22,29147.27
AB,"AB11 6DY",29,265930,9170,6394.97
AB,"AB11 6EB",14,113055,8075.39,7985.2
AB,"AB11 6ED",21,354605,16885.94,11500.54
AB,"AB11 6EE",10,230082,23008.24,22126.12
AB,"AB11 6EF",30,286722,9557.41,8237.29
AB,"AB11 6EG",18,95779,5321.08,3209
AB,"AB11 6EH",19,206333,10859.63,7499.17
AB,"AB11 6EJ",10,134901,13490.1,10970.96
AB,"AB11 6EL",14,417285,29806.05,24786.3
AB,"AB11 6EN",9,130357,14484.16,4438.32
AB,"AB11 6ER",23,156452,6802.24,6310.88
AB,"AB11 6ES",11,103118,9374.4,10110.02
AB,"AB11 6ET",6,60132,10021.92,9886.78
AB,"AB11 6EW",32,337218,10538.07,7786.49
AB,"AB11 6EX",5,99537,19907.5,15016.37
AB,"AB11 6EY",22,129219,5873.58,6237.3
AB,"AB11 6FG",35,219969,6284.83,5139.6
AB,"AB11 6FJ",6,41507,6917.87,4746.17
AB,"AB11 6FL",42,310325,7388.7,6300.37
AB,"AB11 6HA",21,244360,11636.19,7628.31
AB,"AB11 6HB",24,255395,10641.48,10490.43
AB,"AB11 6HD",24,242938,10122.4,6536.12
AB,"AB11 6HE",18,306171,17009.48,13136.32
AB,"AB11 6HJ",15,360761,24050.74,23431.18
AB,"AB11 6HL",24,181162,7548.44,5427.92
AB,"AB11 6HN",12,162309,13525.78,12058.14
AB,"AB11 6HP",16,182970,11435.63,9302.14
AB,"AB11 6HQ",14,145582,10398.74,9529.52
AB,"AB11 6HR",6,79686,13280.94,12207.56
AB,"AB11 6HS",9,135810,15089.96,10134.05
AB,"AB11 6HT",12,146335,12194.57,11414.61
AB,"AB11 6HX",12,70503,5875.24,5329.31
AB,"AB11 6JA",22,158386,7199.36,5402.89
AB,"AB11 6JB",31,259114,8358.51,7444.11
AB,"AB11 6JD",33,319400,9678.79,10025.93
AB,"AB11 6JE",18,90801,5044.47,4723.65
AB,"AB11 6JG",7,41032,5861.67,5572.07
AB,"AB11 6JH",43,424928,9882.05,7281.94
AB,"AB11 6JJ",16,206905,12931.54,9825.71
AB,"AB11 6JL",12,202997,16916.45,10013.92
AB,"AB11 6JN",8,102742,12842.69,12656.3
AB,"AB11 6JR",37,223896,6051.24,4195.57
AB,"AB11 6JS",16,63329,3958.09,3358.16
AB,"AB11 6JY",11,175222,15929.27,14473.78
AB,"AB11 6JZ",21,335674,15984.46,14462.36
AB,"AB11 6LA",43,431594,10037.08,7815.52
AB,"AB11 6LD",57,391857,6874.69,7235.89
AB,"AB11 6LG",22,141362,6425.54,5825.85
AB,"AB11 6LJ",18,156851,8713.94,8123.35
AB,"AB11 6LL",32,236233,7382.3,7138.64
AB,"AB11 6LN",86,746560,8680.93,7299.46
AB,"AB11 6LQ",18,205155,11397.48,11471
AB,"AB11 6LR",27,437932,16219.71,13838.08
AB,"AB11 6LS",24,502068,20919.48,17306.67
AB,"AB11 6LU",18,156383,8687.97,7101.74
AB,"AB11 6LW",8,79246,9905.73,6188.06
AB,"AB11 6NT",20,120146,6007.3,5666.4
AB,"AB11 6PH",10,186885,18688.45,14982.83
AB,"AB11 6QD",30,186715,6223.82,6563.15
AB,"AB11 6RG",13,132233,10171.78,9371.21
AB,"AB11 6RR",21,424300,20204.79,20883.76
AB,"AB11 6SQ",45,360844,8018.76,7627.31
AB,"AB11 6SR",24,147043,6126.78,5297.27
AB,"AB11 6SS",25,384936,15397.42,8129.86
AB,"AB11 6SY",56,421255,7522.4,6083.63
AB,"AB11 6SZ",76,480233,6318.85,5603.11
AB,"AB11 6TA",7,54592,7798.79,9135.96
AB,"AB11 6TB",9,59265,6584.96,4859.3
AB,"AB11 6TD",9,41784,4642.62,4661.08
AB,"AB11 6TE",5,41638,8327.68,6678.28
AB,"AB11 6TF",65,396004,6092.37,5760.28
AB,"AB11 6TG",78,479488,6147.28,5414.4
AB,"AB11 6TH",16,270695,16918.44,17138.18
AB,"AB11 6TJ",60,383523,6392.04,6179.24
AB,"AB11 6TL",47,781660,16631.06,13521.74
AB,"AB11 6TP",25,355738,14229.53,10879.86
AB,"AB11 6TQ",31,643741,20765.83,20943.83
AB,"AB11 6TR",34,264624,7783.05,6938.56
AB,"AB11 6TS",14,151680,10834.26,9769.15
AB,"AB11 6TT",28,506077,18074.17,16960.49
AB,"AB11 6TX",24,739753,30823.04,32065.36
AB,"AB11 6TZ",6,31452,5242.08,3637.56
AB,"AB11 6UA",9,212837,23648.54,24859.1
AB,"AB11 6UB",14,297267,21233.36,20748.12
AB,"AB11 6UG",5,48124,9624.74,8605.38
AB,"AB11 6UJ",25,430928,17237.11,10380.31
AB,"AB11 6UL",20,267114,13355.71,10430.87
AB,"AB11 6UP",37,387319,10468.07,9632.5
AB,"AB11 6UQ",48,397490,8281.04,8035.26
AB,"AB11 6US",32,149186,4662.05,4555.97
AB,"AB11 6UT",47,230845,4911.59,4589
AB,"AB11 6UW",46,191609,4165.41,3686.52
AB,"AB11 6UX",21,238704,11366.88,10407.34
AB,"AB11 6UY",23,227206,9878.5,9787.67
AB,"AB11 6WF",50,358968,7179.35,7052.69
AB,"AB11 6WH",49,374237,7637.49,7595.28
AB,"AB11 6XA",12,137978,11498.2,10770.74
AB,"AB11 6XB",11,60722,5520.2,5249.72
AB,"AB11 6XD",34,343981,10117.09,8868.22
AB,"AB11 6XE",11,99336,9030.54,7499.17
AB,"AB11 6XJ",22,218843,9947.42,9817.7
AB,"AB11 6XL",25,269523,10780.91,6705.31
AB,"AB11 6XN",25,208057,8322.26,5057.51
AB,"AB11 6XP",19,192727,10143.55,10794.77
AB,"AB11 6XQ",44,282029,6409.75,6014.56
AB,"AB11 6XR",53,397334,7496.87,6100.65
AB,"AB11 6XS",38,356940,9393.15,9170
AB,"AB11 6XT",45,393730,8749.56,9017.83
AB,"AB11 6XW",36,412585,11460.69,10695.66
AB,"AB11 6XX",38,339418,8932.06,7612.8
AB,"AB11 6YA",16,90418,5651.1,5812.34
AB,"AB11 6YB",29,211784,7302.89,6746.35
AB,"AB11 6YD",11,101753,9250.26,9483.34
AB,"AB11 6YH",39,367916,9433.73,8799.59
AB,"AB11 6YU",16,190678,11917.39,7575.26
AB,"AB11 7DF",66,521276,7898.12,6576.17
AB,"AB11 7DG",65,444880,6844.31,6478.06
AB,"AB11 7LG",17,116385,6846.17,6380.96
AB,"AB11 7RQ",8,92390,11548.76,7999.72
AB,"AB11 7RS",67,705658,10532.2,8606.38
AB,"AB11 7RT",7,298951,42707.33,43542.46
AB,"AB11 7RX",36,367947,10220.74,8915.22
AB,"AB11 7RY",9,267543,29726.96,30337.07
AB,"AB11 7RZ",6,132687,22114.44,21322.74
AB,"AB11 7SA",42,924984,22023.43,20187
AB,"AB11 7SB",21,411257,19583.68,18857.55
AB,"AB11 7SD",10,249727,24972.72,21912.38
AB,"AB11 7SE",48,1030832,21475.66,20005.81
AB,"AB11 7SF",12,299681,24973.42,27963.48
AB,"AB11 7SG",8,136625,17078.12,16165.62
AB,"AB11 7SJ",30,382133,12737.75,9820.7
AB,"AB11 7SQ",24,235076,9794.84,9016.83
AB,"AB11 7SR",22,255112,11596,10778.25
AB,"AB11 7ST",10,82951,8295.14,7616.8
AB,"AB11 7SW",16,130478,8154.89,6583.18
AB,"AB11 7SX",34,357624,10518.34,10270.58
AB,"AB11 7SY",27,603397,22348.03,19428.18
AB,"AB11 7SZ",45,766817,17040.37,16844.36
AB,"AB11 7TA",31,230480,7434.83,6902.52
AB,"AB11 7TB",27,286577,10613.98,8414.17
AB,"AB11 7TD",34,534660,15725.29,14999.85
AB,"AB11 7TE",25,477337,19093.46,20163.98
AB,"AB11 7TF",57,903512,15851.08,16296.76
AB,"AB11 7TH",17,512456,30144.45,26523.91
AB,"AB11 7TJ",12,262854,21904.46,21257.17
AB,"AB11 7TU",17,259430,15260.58,13921.17
AB,"AB11 7TW",32,593475,18546.1,17439.01
AB,"AB11 7TY",27,484980,17962.21,15531.93
AB,"AB11 7TZ",15,284561,18970.74,18075.7
AB,"AB11 7UE",58,1102946,19016.31,19619.39
AB,"AB11 7UF",18,372858,20714.36,20190.51
AB,"AB11 7UG",28,767606,27414.49,27094.53
AB,"AB11 7UH",11,320738,29157.96,30772.54
AB,"AB11 7UR",52,1039938,19998.8,15353.24
AB,"AB11 7US",6,135218,22536.4,21754.71
AB,"AB11 7UU",35,688637,19675.33,14373.67
AB,"AB11 7UW",13,390388,30029.81,25936.27
AB,"AB11 7WA",7,140143,20020.46,20532.38
AB,"AB11 7WB",6,126865,21144.21,21225.14
AB,"AB11 7WD",14,237274,16948.12,15350.73
AB,"AB11 7WE",25,489652,19586.07,19638.41
AB,"AB11 7WG",6,54405,9067.55,9904.3
AB,"AB11 7XH",14,200764,14340.28,14452.76
AB,"AB11 7XU",11,171693,15608.47,16181.64
AB,"AB11 7XY",34,612630,18018.52,18748.94
AB,"AB11 7XZ",8,133280,16660.03,17889.5
AB,"AB11 7YZ",13,160267,12328.21,12272.38
AB,"AB11 8AB",29,239340,8253.1,5420.91
AB,"AB11 8AD",76,465961,6131.06,5308.79
AB,"AB11 8BJ",21,254691,12128.12,11700.75
AB,"AB11 8BL",21,166631,7934.81,7818.52
AB,"AB11 8BN",19,178423,9390.67,6077.62
AB,"AB11 8BP",19,197173,10377.52,8091.66
AB,"AB11 8BQ",21,205281,9775.27,9123.74
AB,"AB11 8BR",36,331196,9199.88,8477.74
AB,"AB11 8BS",20,148773,7438.65,6981.96
AB,"AB11 8BT",30,217461,7248.7,6560.25
AB,"AB11 8BU",18,180931,10051.71,7897.14
AB,"AB11 8BX",29,308908,10652,8868.67
AB,"AB11 8BY",9,172084,19120.4,22147.14
AB,"AB11 8DA",35,423861,12110.32,11498.53
AB,"AB11 8DB",19,227871,11993.21,12615.75
AB,"AB11 8DD",7,130999,18714.11,20477.32
AB,"AB11 8DE",7,127084,18154.79,17417.99
AB,"AB11 8DF",8,50932,6366.47,6325.95
AB,"AB11 8DG",15,269677,17978.47,13915.17
AB,"AB11 8DH",22,338480,15385.45,15612.52
AB,"AB11 8DJ",23,275030,11957.83,8641.42
AB,"AB11 8DL",27,312622,11578.59,11098.1
AB,"AB11 8DN",15,151750,10116.67,9989.89
AB,"AB11 8DP",31,288356,9301.79,7426.09
AB,"AB11 8DQ",22,144492,6567.83,6118.67
AB,"AB11 8DR",26,262368,10091.09,8714.5
AB,"AB11 8DS",34,181694,5343.93,4905.94
AB,"AB11 8DT",36,498576,13849.33,12289.9
AB,"AB11 8DX",30,273301,9110.02,8107.64
AB,"AB11 8DY",30,329937,10997.91,9084.38
AB,"AB11 8EA",37,505789,13669.97,13656.89
AB,"AB11 8EB",15,181380,12092.02,9696.57
AB,"AB11 8ED",37,664280,17953.51,15101.46
AB,"AB11 8EE",19,407894,21468.08,20310.14
AB,"AB11 8EH",38,500440,13169.48,12484.11
AB,"AB11 8EJ",20,315641,15782.05,13342.54
AB,"AB11 8EL",15,256097,17073.15,16805.32
AB,"AB11 8EN",33,387376,11738.68,10269.19
AB,"AB11 8EP",24,251260,10469.15,10205.83
AB,"AB11 8EQ",24,225291,9387.14,9163.45
AB,"AB11 8ES",23,198701,8639.19,8662.44
AB,"AB11 8EU",50,704937,14098.73,13066.24
AB,"AB11 8EW",11,178080,16189.12,15617.26
AB,"AB11 8EY",7,140365,20052.14,18458.12
AB,"AB11 8FA",32,539430,16857.19,15036.71
AB,"AB11 8FB",8,89558,11194.74,10209.13
AB,"AB11 8FD",26,343299,13203.82,12504.13
AB,"AB11 8FP",32,526221,16444.4,14785.26
AB,"AB11 8FR",25,386487,15459.46,15075.43
AB,"AB11 8FS",29,331532,11432.14,9817.8
AB,"AB11 8FT",47,635765,13526.91,12730.88
AB,"AB11 8FX",41,573792,13994.92,12789.04
AB,"AB11 8GA",8,114034,14254.29,15963.4
AB,"AB11 8HA",11,193512,17592.04,17183.73
AB,"AB11 8HB",34,232198,6829.36,7206.81
AB,"AB11 8HD",28,196043,7001.55,6635.23
AB,"AB11 8HE",37,353942,9566.01,9323.16
AB,"AB11 8HF",8,74002,9250.31,9748.54
AB,"AB11 8HH",25,380283,15211.33,17310.87
AB,"AB11 8HJ",28,363003,12964.41,12176.77
AB,"AB11 8HL",14,226643,16188.81,17662.75
AB,"AB11 8HN",49,383883,7834.34,7764.46
AB,"AB11 8HP",32,456513,14266.02,13658.39
AB,"AB11 8HR",18,320952,17830.67,16519.01
AB,"AB11 8HT",5,71051,14210.25,16392.87
AB,"AB11 8HU",35,333104,9517.26,8662.44
AB,"AB11 8HW",30,349764,11658.81,11387.92
AB,"AB11 8HX",42,428324,10198.19,10246.65
AB,"AB11 8HY",17,231637,13625.68,11416.44
AB,"AB11 8JA",22,235337,10697.14,10272.33
AB,"AB11 8JB",40,442773,11069.33,8839.22
AB,"AB11 8JR",28,254828,9100.99,9948.34
AB,"AB11 8JU",45,460135,10225.22,10439.38
AB,"AB11 8JW",50,387684,7753.68,7303.26
AB,"AB11 8LG",23,151773,6598.82,6999.63
AB,"AB11 8LH",36,387737,10770.48,10799.27
AB,"AB11 8LL",17,164358,9668.1,8780.71
AB,"AB11 8LN",5,67937,13587.41,12149.24
AB,"AB11 8LQ",11,198179,18016.29,18074.94
AB,"AB11 8RE",17,283179,16657.56,15729.27
AB,"AB11 8RH",10,167127,16712.69,15355.74
AB,"AB11 8RJ",15,395210,26347.33,23717.85
AB,"AB11 8RL",14,239530,17109.29,17607.19
AB,"AB11 8RN",41,386726,9432.34,8132.86
AB,"AB11 8RP",9,58266,6474.01,6192.5
AB,"AB11 8RQ",5,55730,11145.94,11020.01
AB,"AB11 8RR",5,79870,15974.05,16388.86
AB,"AB11 8RS",28,151253,5401.89,5080.37
AB,"AB11 8RT",18,156476,8693.12,6438.65
AB,"AB11 8RU",31,324330,10462.27,9430.28
AB,"AB11 8RX",21,269803,12847.77,12023.11
AB,"AB11 8RY",13,125578,9659.82,9834.8
AB,"AB11 8SA",18,205607,11422.59,11820.88
AB,"AB11 8SB",23,174148,7571.65,8088.66
AB,"AB11 8SD",20,99468,4973.39,4672.59
AB,"AB11 8SE",29,304718,10507.5,11141.14
AB,"AB11 8SF",42,276469,6582.6,6290.36
AB,"AB11 8SH",5,107872,21574.33,18135.77
AB,"AB11 8SJ",35,247580,7073.73,5819.47
AB,"AB11 8SL",24,218971,9123.78,9028.81
AB,"AB11 8SN",7,86024,12289.15,6539.53
AB,"AB11 8SP",32,375275,11727.35,8181.42
AB,"AB11 8SQ",31,241643,7794.95,6451.52
AB,"AB11 8SR",8,95436,11929.49,12241.63
AB,"AB11 8SS",8,27273,3409.14,2934.15
AB,"AB11 8ST",6,76005,12667.44,11292.41
AB,"AB11 8SU",9,126694,14077.12,14738.06
AB,"AB11 8SW",38,382491,10065.56,7734.01
AB,"AB11 8SX",14,193827,13844.77,12818.54
AB,"AB11 8SY",85,648371,7627.9,7319.98
AB,"AB11 8TA",26,353199,13584.59,13004.71
AB,"AB11 8TB",38,442502,11644.79,9879.25
AB,"AB11 8TD",42,279721,6660.01,5451.56
AB,"AB11 8TE",6,83990,13998.31,15906.29
AB,"AB11 8TF",18,115890,6438.31,6789.75
AB,"AB11 8TH",23,179956,7824.18,5947.48
AB,"AB11 8TJ",16,163924,10245.27,8794.09
AB,"AB11 8TL",26,188293,7242.03,7437.11
AB,"AB11 8TN",19,249287,13120.36,13137.32
AB,"AB11 8TP",13,150209,11554.55,11795.86
AB,"AB11 8TQ",13,185091,14237.78,11615.66
AB,"AB11 8TR",10,137418,13741.82,8342.02
AB,"AB11 8TS",34,211698,6226.42,5736.25
AB,"AB11 8TT",52,442480,8509.24,7848.55
AB,"AB11 8TU",25,138374,5534.97,5350.83
AB,"AB11 8TZ",16,127743,7983.91,9100.42
AB,"AB11 9AA",11,278513,25319.4,16699.35
AB,"AB11 9AH",7,94791,13541.51,6936.56
AB,"AB11 9AJ",29,255773,8819.76,8571.34
AB,"AB11 9AL",29,268618,9262.68,8408.16
AB,"AB11 9AN",22,171191,7781.43,5835.36
AB,"AB11 9AP",22,141799,6445.4,5621.24
AB,"AB11 9AQ",25,176779,7071.16,5951.49
AB,"AB11 9AR",21,182661,8698.15,8134.87
AB,"AB11 9AS",39,377615,9682.45,8414.17
AB,"AB11 9AT",18,133936,7440.92,7486.16
AB,"AB11 9AU",22,173847,7902.14,6381.46
AB,"AB11 9AX",18,142121,7895.62,6169.73
AB,"AB11 9AY",9,114572,12730.2,10813.79
AB,"AB11 9BA",19,161233,8485.95,6986.62
AB,"AB11 9BB",15,182533,12168.86,8847.64
AB,"AB11 9BD",21,225329,10729.97,9870.76
AB,"AB11 9BH",34,287994,8470.42,7691.35
AB,"AB11 9DR",6,61877,10312.91,9369.21
AB,"AB11 9DS",14,139947,9996.18,10115.53
AB,"AB11 9DT",17,186758,10985.74,8727.51
AB,"AB11 9DU",26,270590,10407.29,11492.14
AB,"AB11 9JD",30,247668,8255.59,7761.03
AB,"AB11 9JE",23,230665,10028.92,8721.51
AB,"AB11 9JH",31,285304,9203.35,8510.69
AB,"AB11 9JJ",28,352893,12603.31,11462.73
AB,"AB11 9JN",48,398288,8297.66,8363.44
AB,"AB11 9JP",37,343594,9286.32,9889.78
AB,"AB11 9JQ",43,398586,9269.44,9129.95
AB,"AB11 9JT",12,115061,9588.42,9804.19
AB,"AB11 9JX",9,90947,10105.21,11354.92
AB,"AB11 9JY",12,159898,13324.84,11043.04
AB,"AB11 9JZ",34,360690,10608.54,9049.47
AB,"AB11 9LA",40,472007,11800.18,8487.25
AB,"AB11 9LB",44,349912,7952.55,7452.23
AB,"AB11 9LD",36,329389,9149.68,8911.43
AB,"AB11 9LE",30,332103,11070.11,10532.98
AB,"AB11 9LF",60,716072,11934.54,11436.47
AB,"AB11 9LP",18,219107,12172.61,12081.55
AB,"AB11 9LS",20,243612,12180.6,8885.96
AB,"AB11 9LT",14,180491,12892.2,13484.91
AB,"AB11 9LU",12,108837,9069.74,5668.46
AB,"AB11 9LX",7,86558,12365.38,11904.99
AB,"AB11 9LY",22,253901,11540.93,10374.81
AB,"AB11 9NA",9,93972,10441.33,8404.68
AB,"AB11 9NB",10,77318,7731.75,6611.71
AB,"AB11 9ND",15,126436,8429.05,7029.66
AB,"AB11 9NE",28,267910,9568.2,8111.34
AB,"AB11 9NH",49,332220,6780.01,6143.5
AB,"AB11 9NJ",29,322697,11127.49,9972.87
AB,"AB11 9NL",32,315629,9863.41,5933.97
AB,"AB11 9NN",30,253730,8457.65,6380.02
AB,"AB11 9NP",34,373435,10983.38,8559.05
AB,"AB11 9NQ",28,313028,11179.55,10141.05
AB,"AB11 9NR",21,189864,9041.12,9348.19
AB,"AB11 9NS",22,249983,11362.88,10214.13
AB,"AB11 9NT",5,36024,7204.87,8558.33
AB,"AB11 9NU",20,491596,24579.79,20592.95
AB,"AB11 9NY",12,74092,6174.31,6114.66
AB,"AB11 9PA",42,481182,11456.72,9938.42
AB,"AB11 9PE",32,352283,11008.85,8967.47
AB,"AB11 9PL",7,122491,17498.65,11836.96
AB,"AB11 9PN",5,87717,17543.45,13419.63
AB,"AB11 9PP",6,68491,11415.19,12073.16
AB,"AB11 9QA",17,185378,10904.57,8358.11
AB,"AB11 9QB",53,403166,7606.91,7432.1
AB,"AB11 9QD",46,506153,11003.34,10086.99
AB,"AB11 9QE",23,308031,13392.63,10282.83
AB,"AB11 9QH",32,417863,13058.23,10652.11
AB,"AB11 9QJ",11,152939,13903.52,14716.04
AB,"AB11 9QN",15,104593,6972.89,7143.79
AB,"AB11 9QP",18,122997,6833.16,7104.24
AB,"AB11 9RB",14,99954,7139.6,6862.48
AB,"All postcodes",10911,151627457,13896.75,12638.78
AB,"AB12 3AB",105,742461,7071.06,4865.3
AB,"AB12 3AQ",11,72359,6578.08,5782.3
AB,"AB12 3AT",25,142577,5703.1,4296.68
AB,"AB12 3AU",20,119712,5985.62,5844.87
AB,"AB12 3AX",7,164666,23523.72,19840.65
AB,"AB12 3BB",11,248304,22573.11,19307.04
AB,"AB12 3BF",40,306355,7658.88,6315.88
AB,"AB12 3BJ",5,84889,16977.71,17166.71
AB,"AB12 3BL",16,210425,13151.59,13277.47
AB,"AB12 3BP",52,720479,13855.37,10768.24
AB,"AB12 3BU",32,549359,17167.46,15505.9
AB,"AB12 3BW",14,165282,11805.87,11174.68
AB,"AB12 3BY",21,244107,11624.15,11213.22
AB,"AB12 3BZ",21,224048,10668.96,10848.83
AB,"AB12 3DE",12,174623,14551.94,13540.26
AB,"AB12 3DF",29,236355,8150.16,6681.28
AB,"AB12 3DG",31,347931,11223.59,9674.55
AB,"AB12 3DH",20,244950,12247.5,12778.43
AB,"AB12 3DU",24,341498,14229.09,13135.82
AB,"AB12 3DW",12,164590,13715.87,12340.95
AB,"AB12 3DY",12,208188,17348.99,17569.15
AB,"AB12 3DZ",50,809951,16199.02,15151.52
AB,"AB12 3EF",24,329930,13747.08,14322.61
AB,"AB12 3EG",53,661787,12486.55,10903.89
AB,"AB12 3EH",24,285427,11892.8,12161.76
AB,"AB12 3EY",41,710097,17319.44,16425.9
AB,"AB12 3EZ",6,108844,18140.61,18059.18
AB,"AB12 3FA",43,720084,16746.14,16568.06
AB,"AB12 3FD",22,401507,18250.34,19830.62
AB,"AB12 3FQ",18,184020,10223.31,9067.88
AB,"AB12 3FR",18,169781,9432.28,9344.19
AB,"AB12 3FS",11,125318,11392.51,10186.1
AB,"AB12 3FT",6,66395,11065.9,11895.47
AB,"AB12 3FU",35,269936,7712.46,5130.59
AB,"AB12 3FZ",10,143193,14319.31,14897.24
AB,"AB12 3GD",6,49170,8194.93,6222.78
AB,"AB12 3GJ",6,57195,9532.56,8692.98
AB,"AB12 3GN",6,63549,10591.52,10340.2
AB,"AB12 3GT",6,87813,14635.55,14158.93
AB,"AB12 3HD",46,1074845,23366.19,23426.53
AB,"AB12 3HE",56,574159,10252.85,9288.62
AB,"AB12 3HF",37,415474,11229.02,9734.61
AB,"AB12 3HG",18,205170,11398.34,11491.03
AB,"AB12 3HH",32,348754,10898.57,10794.77
AB,"AB12 3HJ",34,377119,11091.73,10427.37
AB,"AB12 3HW",86,697949,8115.69,7970.69
AB,"AB12 3HY",8,52382,6547.76,7253.41
AB,"AB12 3HZ",49,317812,6485.97,6348.92
AB,"AB12 3JD",8,165371,20671.41,20833.21
AB,"AB12 3JE",34,334048,9824.95,10044.45
AB,"AB12 3JF",14,245804,17557.42,18008.63
AB,"AB12 3JH",25,268111,10724.42,9345.19
AB,"AB12 3JJ",11,260030,23639.13,25439.73
AB,"AB12 3JN",22,565742,25715.53,26415.29
AB,"AB12 3JQ",11,268210,24382.76,21452.38
AB,"AB12 3JR",45,942352,20941.16,17813.42
AB,"AB12 3JS",7,162187,23169.54,23827.97
AB,"AB12 3JT",5,95608,19121.57,18993.7
AB,"AB12 3JU",18,328196,18233.1,18246.89
AB,"AB12 3JW",35,383111,10946.02,10946.93
AB,"AB12 3JX",5,107282,21456.34,19921.71
AB,"AB12 3JY",64,676034,10563.02,10099.01
AB,"AB12 3JZ",6,146995,24499.15,19217.84
AB,"AB12 3LE",5,180985,36196.94,34731.9
AB,"AB12 3LF",7,186573,26653.29,33865.08
AB,"AB12 3LH",7,193976,27710.88,16977.64
AB,"AB12 3LL",12,309065,25755.42,24327.52
AB,"AB12 3LW",5,176548,35309.51,38985.83
AB,"AB12 3LX",8,185986,23248.22,18851.05
AB,"AB12 3LY",7,197021,28145.79,24425.27
AB,"AB12 3LZ",14,128727,9194.75,9388.23
AB,"AB12 3NA",18,295271,16403.94,16442.92
AB,"AB12 3NB",13,241953,18611.75,16475.96
AB,"AB12 3ND",5,64050,12809.96,9258.09
AB,"AB12 3NE",6,164474,27412.38,25706.52
AB,"AB12 3NF",54,514041,9519.27,9155.48
AB,"AB12 3NG",30,297626,9920.85,10038.94
AB,"AB12 3NH",14,128592,9185.15,9111.43
AB,"AB12 3NJ",8,109627,13703.33,13550.27
AB,"AB12 3NL",5,49804,9960.86,10505.45
AB,"AB12 3NN",7,129123,18446.11,21045.94
AB,"AB12 3NR",19,210282,11067.48,8660.44
AB,"AB12 3NS",8,205041,25630.19,23722.36
AB,"AB12 3NU",30,391048,13034.93,12152.75
AB,"AB12 3NW",30,316402,10546.73,10392.33
AB,"AB12 3NX",6,174447,29074.5,25808.13
AB,"AB12 3NY",11,164172,14924.72,14405.7
AB,"AB12 3NZ",23,376691,16377.85,15597
AB,"AB12 3PA",10,136503,13650.33,9256.35
AB,"AB12 3PB",19,277112,14584.84,13847.09
AB,"AB12 3PD",5,44078,8815.61,8516.28
AB,"AB12 3PE",17,222615,13094.98,11676.73
AB,"AB12 3PF",7,80882,11554.59,11103.1
AB,"AB12 3PH",27,403997,14962.87,12236.34
AB,"AB12 3PJ",21,272079,12956.14,12782.93
AB,"AB12 3PL",17,284177,16716.28,17131.67
AB,"AB12 3PP",8,149550,18693.75,19363.11
AB,"AB12 3PQ",18,321764,17875.8,18229.37
AB,"AB12 3PR",10,186617,18661.74,17135.18
AB,"AB12 3PU",21,278066,13241.24,13773.01
AB,"AB12 3PW",10,174869,17486.86,18326.98
AB,"AB12 3PX",11,141294,12844.91,10640.6
AB,"AB12 3PY",75,886808,11824.1,10875.85
AB,"AB12 3PZ",15,173518,11567.89,12107.2
AB,"AB12 3QB",15,199975,13331.66,12179.28
AB,"AB12 3QD",21,217094,10337.79,9333.17
AB,"AB12 3QE",38,609501,16039.51,15993.93
AB,"AB12 3QF",15,127142,8476.15,7923.64
AB,"AB12 3QG",21,428450,20402.38,20022.82
AB,"AB12 3QN",16,181631,11351.94,10376.31
